<web-app xmlns:xsi="http://www.w3.org/2001/XMLSchema-instance"
         xmlns="https://jakarta.ee/xml/ns/jakartaee"
         xsi:schemaLocation="https://jakarta.ee/xml/ns/jakartaee https://jakarta.ee/xml/ns/jakartaee/web-app_5_0.xsd"
         version="5.0">

  <servlet>
    <servlet-name>CheckoutServlet</servlet-name>
    <servlet-class>CheckoutServlet</servlet-class> <!-- or use the full package: com.example.CheckoutServlet -->
  </servlet>

  <servlet-mapping>
    <servlet-name>CheckoutServlet</servlet-name>
    <url-pattern>/CheckoutServlet</url-pattern>
  </servlet-mapping>

</web-app>
