<?xml version="1.0" encoding="UTF-8"?>
<web-app xmlns="http://xmlns.jcp.org/xml/ns/javaee"
         xmlns:xsi="http://www.w3.org/2001/XMLSchema-instance"
         xsi:schemaLocation="http://xmlns.jcp.org/xml/ns/javaee 
                             http://xmlns.jcp.org/xml/ns/javaee/web-app_3_1.xsd"
         version="3.1">

  <servlet>
    <servlet-name>UploadServlet</servlet-name>
    <servlet-class>com.hosting.UploadServlet</servlet-class>
    <multipart-config>
      <max-file-size>52428800</max-file-size>        <!-- 50 MB -->
      <max-request-size>104857600</max-request-size><!-- 100 MB -->
    </multipart-config>
  </servlet>

  <servlet-mapping>
    <servlet-name>UploadServlet</servlet-name>
    <url-pattern>/UploadServlet</url-pattern>
  </servlet-mapping>

  <!-- Optional global init-param – upload base path -->
  <context-param>
    <param-name>uploadPath</param-name>
    <param-value>/var/www/sites</param-value>  <!-- Linux path -->
  </context-param>

</web-app>
